Nombre del alimento;GRUPO;SUBGRUPO;Calorías;Humedad;Proteínas;grasas;Carbohid.;Fibra;Calcio;Fósforo;Hierro;Sodio;Potasio;Zinc;Vit. A;Vit. B1;Vit. B2;Niacina;Vit. C
;;;Kcal.;Hum(%);Prot(g);Lip(g);Glu(g);Fib.(mg);Ca(mg);P (mg);Fe (mg);Na (mg);k (mg);Zn (mg);A (mcg);B1(mg);B2(mg);PP (mg);C (mg)
AMARANTO;ENERGÉTICOS;CEREALES;366;12,3;12,9;7,2;6,1;6,7;179;474;5,3;0;0;0;210;0,2;0,57;0,95;23
ARROZ;ENERGÉTICOS;CEREALES;364;11,2;7,82;0,24;79,93;0,7;17;105;6,2;3,2;108;0,2;0;0,06;0,03;2,06;0
AVENA;ENERGÉTICOS;CEREALES;355;11,9;16,86;2,68;63,63;1,8;52;358;6,3;1,4;341;3;0;0,44;0,16;2,25;1
CAÑAHUA;ENERGÉTICOS;CEREALES;347;11,5;13,43;2,4;67,89;11,4;90;412;60,8;0;0;0;0;0,34;0,25;1;0
CAÑAHUA PITO;ENERGÉTICOS;CEREALES;348;7,3;14,62;4,71;67,78;6,1;157;373;13,6;0;0;0;0;0,14;0,53;1,62;1
PITPO DE TRIGO ;ENERGÉTICOS;CEREALES;348;7,3;14,62;4,71;67,78;6,1;157;373;13,6;0;0;0;0;0,14;0,53;1,62;1
CEBADA;ENERGÉTICOS;CEREALES;357;9,5;11,8;1,12;74,99;6,6;54;323;5,8;4,5;149;2,4;0;0,25;0,18;6,25;0
MAÍZ BLANCO;ENERGÉTICOS;CEREALES;362;10,8;8,59;4,26;75,1;2,2;9;226;4,2;3;310;2;0;0,14;0,15;3,31;0
MAÍZ AMARILLO;ENERGÉTICOS;CEREALES;362;10,7;7,23;4,14;76,4;2,4;10;275;3,2;0,8;231;0;0;0,12;0,12;2,5;0
MAÍZ AMARILLO HARINA;ENERGÉTICOS;CEREALES;363;12;7,9;1,2;78,4;0,6;6;99;1,1;25;269;2,5;0;0,14;0,05;1;0
LAGUA DE CHOCLO;ENERGÉTICOS;CEREALES;363;12;7,9;1,2;78,4;0,6;6;99;1,1;25;269;2,5;0;0,14;0,05;1;0
MAÍZ TOSTADO;ENERGÉTICOS;CEREALES;375;7,16;8,91;4,46;77,7;3,96;10;261;3,6;25;2,69;2,5;0;0,21;0,19;2,32;1
MAÍZ PELADO;ENERGÉTICOS;CEREALES;363;10,4;6,44;3,88;77,77;1,5;51;266;4,5;3;310;0;0;0,18;0,04;1,87;0
MAÍZ MORADO HARINA (API);ENERGÉTICOS;CEREALES;351;11,8;8,54;3,2;74,75;2,5;8;290;4,7;3;310;0;0;0,24;0,19;1,94;2
API ;ENERGÉTICOS;CEREALES;351;11,8;8,54;3,2;74,75;2,5;8;290;4,7;3;310;0;0;0,24;0,19;1,94;2
MAÍZ JANKAQUIPA;ENERGÉTICOS;CEREALES;378;6,9;9,04;4,82;77,65;2,6;11;288;6,8;1;231;0;0;0,17;0,19;2,94;0
MAICENA;ENERGÉTICOS;CEREALES;357;12,1;7,9;2,2;76,39;0,7;0;0;0;4;4;0;0;0;0;0;0
QUINUA;ENERGÉTICOS;CEREALES;377;9,7;11,84;5,7;69,68;2,4;51;414;9,7;0;0;0;0;0,27;0,26;1,06;1
HOJUELA QUINUA;ENERGÉTICOS;CEREALES;377;9,7;11,84;5,7;69,68;2,4;51;414;9,7;0;0;0;0;0,27;0,26;1,06;1
QUINUA HARINA;ENERGÉTICOS;CEREALES;382;9,9;10,78;6,33;70,55;2;41;441;8,7;0;0;0;0;0,28;0,21;1,27;0
SÉMOLA;ENERGÉTICOS;CEREALES;346;13;12;1;75;0,3;12;140;1,5;8;190;0;0;0,15;0,06;0,09;0
TRIGO;ENERGÉTICOS;CEREALES;334;10,9;9,9;1,24;76,25;3,3;54;243;4,7;20;385;5,5;0;0,32;0,18;3,75;1
HOJUELA TRIGO;ENERGÉTICOS;CEREALES;334;10,9;9,9;1,24;76,25;3,3;54;243;4,7;20;385;5,5;0;0,32;0,18;3,75;1
Chaje de trigo;ENERGÉTICOS;CEREALES;334;10,9;9,9;1,24;76,25;3,3;54;243;4,7;20;385;5,5;0;0,32;0,18;3,75;1
TRIGO AFRECHILLO;ENERGÉTICOS;CEREALES;360;6,9;11,27;3,57;73,19;9,4;171;728;19,5;2;290;10;6;0,36;0,88;8,69;0
TRIGO HARINA BLANCA;ENERGÉTICOS;CEREALES;365;12;11,8;1,1;74,7;0;16;95;0,9;3,5;138;5,5;0;0,06;0,06;1;0
HARINA ;ENERGÉTICOS;CEREALES;365;12;11,8;1,1;74,7;0;16;95;0,9;3,5;138;5,5;0;0,06;0,06;1;0
TRIGO HARINA INTEG.;ENERGÉTICOS;CEREALES;339;10;9,25;1,32;77,67;2,5;55;222;12,5;5;276;0;0;0,2;0,14;3,12;1
TRIGO JANKAQUIPA;ENERGÉTICOS;CEREALES;343;8,3;10,78;1,6;77,63;3,3;52;268;4,3;0;0;0;0;0,22;0,11;2;1
Jankaquipa;ENERGÉTICOS;CEREALES;343;8,3;10,78;1,6;77,63;3,3;52;268;4,3;0;0;0;0;0,22;0,11;2;1
TRIGO MOTE;ENERGÉTICOS;CEREALES;334;10;10,2;1,03;76,4;1,8;53;316;13;0;0;0;0;0,09;0,04;2,5;0
Mote;ENERGÉTICOS;CEREALES;334;10;10,2;1,03;76,4;1,8;53;316;13;0;0;0;0;0,09;0,04;2,5;0
FIDEO;ENERGÉTICOS;PROD DE CEREALES;355;13,5;11,21;0,86;73,8;0,3;38;119;7,4;8,2;302;0,3;17;0;0;0,66;0
GALLETAS DE AGUA;ENERGÉTICOS;PROD DE CEREALES;421;2,7;13,02;9,46;72,86;0,4;39;169;5,4;1100;120;0;53;0;0;1,73;1
GALLETAS MARIA;ENERGÉTICOS;PROD DE CEREALES;430;1,8;8,5;8,83;79,25;0,5;39;219;4,9;0;0;0;17;0;0;1,53;1
GALLETAS WAFFER;ENERGÉTICOS;PROD DE CEREALES;510;1,8;9,51;24,64;62,71;0,4;105;175;2,8;8,2;272;0;98;0;0;3,9;2
PAN BISCOCHO;ENERGÉTICOS;PROD DE CEREALES;345;22;8,32;7,24;61,64;0,5;42;71;2,9;412;98;1,6;4;0,06;0,22;2,11;0
PAN BLANCO;ENERGÉTICOS;PROD DE CEREALES;350;17,8;6,12;5,2;69,75;0,5;66;104;4,7;498;97;2;4;0,07;0,19;2,85;0
Pan molido;ENERGÉTICOS;PROD DE CEREALES;350;17,8;6,12;5,2;69,75;0,5;66;104;4,7;498;97;2;4;0,07;0,19;2,85;0
PAN INTEG. TRIGO;ENERGÉTICOS;PROD DE CEREALES;256;29,5;9;1,5;57,5;1;49;209;3,6;930;208;5;0;0,19;0,13;2,2;0
PAN MARRAQUETA;ENERGÉTICOS;PROD DE CEREALES;293;26,3;8,84;0,51;62,96;0,3;36;113;4,5;498;97;2;3;0,07;0,18;2,8;0
CERELAC;ENERGÉTICOS;PROD DE CEREALES;423;1,5;11,5;7,4;77,6;0;275;225;6,2;99;334;0;750;0,2;0,3;3,8;20
MAISOY HOJUELAS;ENERGÉTICOS;PROD DE CEREALES;398;4,6;18,12;4,7;70,93;2,1;111;259;7,9;660;180;0;218;0,12;0,2;1;0
PASANKALLA;ENERGÉTICOS;PROD DE CEREALES;377;6,9;9,33;4,14;78,73;2;80;144;32;0;0;0;71;0;0;1,54;1
AJIPA;ENERGÉTICOS;RAÍCES / TUBÉRCULOS;129;65,8;2,06;0,31;31,35;2,4;33;30;0,7;0;0;0;0;0,04;0,07;0,73;8
CAMOTE;ENERGÉTICOS;RAÍCES / TUBÉRCULOS;119;69,2;1,46;0,21;28,01;0,9;111;48;1,3;19;320;0;57;0,1;0,04;1,04;19
CAYA;ENERGÉTICOS;RAÍCES / TUBÉRCULOS;341;13,5;2,5;0,45;81,89;3,1;57;53;3,7;0;0;0;60;0,06;0,18;0,45;18
IZAÑO;ENERGÉTICOS;RAÍCES / TUBÉRCULOS;90;74,5;2,83;0,3;20;1,5;15;107;2,8;0;0;0;224;0,05;0,08;3,21;2
OCA;ENERGÉTICOS;RAÍCES / TUBÉRCULOS;77;80,3;1,84;0,5;17,7;0,7;10;31;0,6;0;0;0;103;0,05;0,09;0,39;39
PAPA;ENERGÉTICOS;RAÍCES / TUBÉRCULOS;93;75,5;2,71;0,1;21,12;0,4;4;37;1;7;440;0;0;0,08;0,06;1,09;12
TUNTA;ENERGÉTICOS;RAÍCES / TUBÉRCULOS;348;13,2;2,83;0,39;83,23;2;72;52;4,4;0;0;0;0;0,02;0,02;0,92;0
CHUÑO;ENERGÉTICOS;RAÍCES / TUBÉRCULOS;336;14,1;3,49;0,22;80,15;1,7;18;101;5,7;0;0;0;0;0,05;0,02;1,62;1
Lagua de chuño;ENERGÉTICOS;RAÍCES / TUBÉRCULOS;336;14,1;3,49;0,22;80,15;1,7;18;101;5,7;0;0;0;0;0,05;0,02;1,62;1
PAPALIZA;ENERGÉTICOS;RAÍCES / TUBÉRCULOS;61;83,8;1,71;0,11;13,62;0,4;6;26;5;0;0;0;84;0,04;0,06;0,94;25
RACACHA;ENERGÉTICOS;RAÍCES / TUBÉRCULOS;109;71,9;1,18;0,19;25,82;0,8;37;43;1,2;0;0;0;45;0,06;0,12;0,46;18
WALUSA;ENERGÉTICOS;RAÍCES / TUBÉRCULOS;65;82,5;1,6;0,1;14,7;0,6;22;59;1,8;0;0;0;0;0,08;0,06;0,48;3
YUCA;ENERGÉTICOS;RAÍCES / TUBÉRCULOS;148;62,2;1,05;0,22;35,51;1;28;55;1,2;4;20;0;0;0,05;0,1;0,76;41
YUCA HARINA;ENERGÉTICOS;RAÍCES / TUBÉRCULOS;341;15,7;1,1;0,66;82,38;0,1;15;30;2,4;0;0;0;40;0,04;0,03;0,36;3
ACEITE VEGETAL;ENERGÉTICOS;GRASAS/CEREALES;880;0,03;0,22;99,22;0;0;5;3;0,7;0,2;0,1;0;3;0,5;0,08;0,38;0
CEBO;ENERGÉTICOS;GRASAS/CEREALES;540;5,4;1,7;92,4;0;0;1;0;0,3;0;0;0;0;0,8;0,02;0,4;0
MANTECA DE  CERDO;ENERGÉTICOS;GRASAS/CEREALES;890;0,4;0,59;97,97;1,95;0;19;4;0,7;2;1;0;10;0,03;0,1;0,19;0
MANTECA VEGETAL;ENERGÉTICOS;GRASAS/CEREALES;403;0;0,72;100;0;0;0;0;0;4;0;0;35;0;0;0,38;0
MANTEQUILLA CON SAL;ENERGÉTICOS;GRASAS/CEREALES;695;17,1;2,37;75,9;4,53;0;71;81;0,8;5;4;0;216;0,02;0,08;0,15;0
MANTEQUILLA SIN SAL;ENERGÉTICOS;GRASAS/CEREALES;719;11,1;1,31;76,06;11,51;0;18;24;0,3;0;0;0;189;0,01;0,1;0,13;0
MARGARINA;ENERGÉTICOS;GRASAS/CEREALES;759;6,8;0,69;80,09;12,39;0;5;3;0,9;1100;58;0;84;0,02;0,11;0,41;0
AZÚCAR;ENERGÉTICOS;AZUCARES/ MIEL;387;0,1;0;0;99,89;0;0;0;0;2;1,3;0;0;0;0;0;0
MIEL DE ABEJA;ENERGÉTICOS;AZUCARES/ MIEL;338;12,9;0,98;0,35;85,54;0;48;19;7,1;7;10;0;0;0;0;0,44;2
MIEL DE CAÑA;ENERGÉTICOS;AZUCARES/ MIEL;275;28,2;0,6;0,81;68,58;0,3;76;143;12;0;0;0;0;0,02;0,07;0,19;2
MERMELADA DE DAMASCO;ENERGÉTICOS;MERMELADAS;288;27,8;1,39;0,07;70,58;0,6;18;12;1;4;113;0;14;0,04;0,11;0,88;1
MERMELADA DE DURAZNO;ENERGÉTICOS;MERMELADAS;284;28,8;1,16;0,05;69,68;0,6;13;13;0,8;8;111;0;17;0,03;0,17;1,1;3
MERMELADA DE FRUTILLA;ENERGÉTICOS;MERMELADAS;289;28,2;1,28;0,54;69,76;0,8;23;16;1,5;7;99;0;28;0,05;0,27;1,65;1
MERMELADA DE GUINDA;ENERGÉTICOS;MERMELADAS;309;22,3;1,47;0,01;75,83;0,5;15;122;0,9;7;110;0;13;0,03;0,2;1;3
MERMELADA DE PIÑA;ENERGÉTICOS;MERMELADAS;255;36,1;0,87;0,08;62,62;0,6;21;9;0,9;0;0;0;29;0,13;0,21;1,92;2
MERMELADA DE UVA;ENERGÉTICOS;MERMELADAS;283;29,5;0,94;0,36;78,96;0,6;34;9;1;0;0;0;4;0,03;0,14;1,37;2
FLAN EN POLVO;ENERGÉTICOS;POSTRES;398;0,1;0,71;0,43;97,72;0;42;16;1,8;958;34;0;5;0;0;0,33;2
GELATINA;ENERGÉTICOS;POSTRES;400;0,4;4,19;0,79;93,97;0;46;2;1,7;300;210;0;59;0;0;0,11;2
PUDÍN;ENERGÉTICOS;POSTRES;400;0,7;5,05;1,73;91,12;0;39;125;1,6;7;14;0;53;0;0;0,22;2
COCOA;ENERGÉTICOS;POSTRES;452;3,8;30,91;18,85;39,61;5,4;171;1156;11,2;6;1522;0;0;0,18;0,49;1,87;2
CHOCOLATE BOMBON;ENERGÉTICOS;CHOCOLATES / DULCES;403;6,8;2,35;6,32;64,16;4;154;54;2,7;141;348;0;26;0;0;0,44;2
CHOCOLATE CON MANÍ;ENERGÉTICOS;CHOCOLATES / DULCES;548;0,8;22,8;31,48;43,2;1,8;47;250;4,1;0;0;0;41;0;0;3,49;1
CHOCOLATE POPULAR;ENERGÉTICOS;CHOCOLATES / DULCES;256;1,1;4,31;17,66;75,57;1,5;52;160;8,4;4;830;0;18;0,1;0,2;2,3;61
CARAMELOS BLANDOS;ENERGÉTICOS;CHOCOLATES / DULCES;386;3;1,2;0,4;94,4;0,1;62;53;2,5;0;0;0;0;0;0;0;0
CARAMELO DURO;ENERGÉTICOS;CHOCOLATES / DULCES;395;0,7;0;0;98,8;0;10;35;0,9;0;0;0;0;0;0;0;0
CARNE BLANDA;FORMADORES;CARNES;135;70,1;20,22;2,86;5,79;0,8;8;221;3,8;69;367;4,3;76;0,06;0,2;2,74;0
CARNE MOLIDA;FORMADORES;CARNES;137;69,6;20,5;2,66;6,34;0;19;174;4,4;59;300;1,8;45;0,06;0,23;2,52;0
CHARQUE DE RES;FORMADORES;CARNES;56;28,6;47,59;3,38;5,68;0;36;385;15,2;4300;200;0;46;0,13;0,31;2,62;0
CORAZÓN DE RES;FORMADORES;CARNES;102;78,9;17,28;3,14;0;0;28;114;5,3;180;210;3,5;0;0,12;1,09;3,4;0
HÍGADO DE RES;FORMADORES;CARNES;138;69,4;20,75;3,49;4,72;0;7;211;11,6;110;250;4,3;6607;0,26;3,35;8,7;9
LENGUA DE RES;FORMADORES;CARNES;191;69,1;16;13,2;0,9;0;16;142;1,5;90;253;0;0;0,08;0,31;3,1;0
Lengua;FORMADORES;CARNES;191;69,1;16;13,2;0,9;0;16;142;1,5;90;253;0;0;0,08;0,31;3,1;0
LIBRO DE RES;FORMADORES;CARNES;74;84,9;14,5;1,36;0;0;39;54;1,7;0;0;0;0;0,01;0,1;0,66;0
PANZA DE RES;FORMADORES;CARNES;90;81,1;14;2,7;1,4;0,3;60;50;2,2;72;9;2,3;70;0,01;0,09;0,6;0
PATA DE RES;FORMADORES;CARNES;122;71;8,19;1,07;19,33;0,3;22;46;2,4;72;9;2,3;0;0,05;0,12;0,85;0
RIÑÓN DE RES;FORMADORES;CARNES;108;79,6;14,38;5,2;0;0;17;245;16,5;0;0;0;149;0,25;1,92;5,83;6
SANGRE DE RES;FORMADORES;CARNES;141;73,6;19,82;6,23;0;0;22;40;64,4;261;60;3;18;0,01;0,05;1,2;5
CESO DE RES;FORMADORES;CARNES;166;76,9;12,72;12,26;0;0;7;376;5,4;120;300;0;148;0,15;0,2;2,55;4
INTESTINO GRUESO;FORMADORES;CARNES;175;69,5;11,6;10,48;7,87;0;13;103;6,5;45;20;1,5;0;0,06;0,25;2,53;5
UBRE DE RES;FORMADORES;CARNES;305;57,3;15,19;26,4;0,58;0;46;145;1,6;0;0;0;0;0,03;0,12;0,83;18
CORDERO;FORMADORES;CARNES;253;61,4;18,2;19,4;0;0;7;190;2,5;94;362;0;0;0,07;0,15;2;10
CORAZÓN DE CORDERO;FORMADORES;CARNES;139;75;16;7,8;0,2;0;6;202;3;0;0;0;0;0,22;0,13;5;11
HÍGADO DE CORDERO;FORMADORES;CARNES;128;72,2;20,3;4,2;0,9;0;14;287;6,6;76;290;3,9;1500;0,2;3,02;12,8;0
RIÑÓN DE CORDERO;FORMADORES;CARNES;109;76,7;18;3,2;0,8;0;40;270;4,1;400;180;3;300;0,51;3;6,1;0
SESOS DE CORDERO;FORMADORES;CARNES;121;79,1;10;8;1,6;0;7;252;2,7;210;190;1,4;0;1,34;0,23;2,9;0
CERDO;FORMADORES;CARNES;216;66,9;15,5;16,6;0;0;5;204;1,6;57;230;0;0;0,83;0,2;4,4;0
PATAS DE CERDO;FORMADORES;CARNES;285;57;20,2;22;0;0;12;245;3;0;0;0;0;0,98;0,24;5,2;0
POLLO;FORMADORES;CARNES;170;70,6;18,2;10,2;0;0;14;200;1,5;108;264;1,4;0;0,08;0,16;9;0
CONEJO DE CASTILLA;FORMADORES;CARNES;159;70,4;20,4;8;0;0;18;210;2,4;32;210;0;0;0,04;0,16;10;0
CONEJO CUIS;FORMADORES;CARNES;96;78,2;19;1,5;0;0;29;253;1,9;0;0;0;0;0,06;0,14;6,5;0
PATO;FORMADORES;CARNES;326;54,3;16;28,6;0;0;15;188;1,8;80;285;1,8;0;0,1;0,24;5,6;0
PALOMA PICHÓN;FORMADORES;CARNES;279;58;18,6;22,1;0;3,7;17;411;1,8;110;410;0;0;0,1;0,24;5,6;0
MORTADELA;FORMADORES;PROD. DE CARNES;323;50,1;13,06;26,8;6,42;0;27;77;3,5;0;0;0;0;0,1;0,23;7,73;0
SALCHICHA;FORMADORES;PROD. DE CARNES;281;53,7;12,56;20,13;11,41;0;43;96;4,4;890;160;1,4;26;0,03;0,12;2,2;0
CORNED BEEF;FORMADORES;PROD. DE CARNES;164;69,3;29,75;4,06;0;0;48;109;5,6;950;140;5,6;0;0,05;0,12;2,61;0
CHORIZO CRIOLLO;FORMADORES;PROD. DE CARNES;303;54,5;12,28;25,2;5,75;0;25;65;2,3;0;0;0;0;0,24;0,38;3,68;0
MORCILLA;FORMADORES;PROD. DE CARNES;394;41,2;18,44;33,35;3,74;0;43;82;16,4;0;0;0;13;0,03;0,2;3,74;0
CARNE FRÍA;FORMADORES;PROD. DE CARNES;418;42,8;16,81;38,43;0;0;48;182;4,2;0;0;0;0;0,04;0,24;7,81;0
CHORIZO;FORMADORES;PROD. DE CARNES;368;49,9;12,55;34,14;1,58;0;84;158;3,2;1050;200;0;0;0,05;0,16;13,14;0
JAMÓN RES;FORMADORES;PROD. DE CARNES;250;52,8;23,5;12,85;8,34;0;18;107;2,4;1250;280;2,3;0;0,17;0,23;6,07;0
MORCILLA;FORMADORES;PROD. DE CARNES;394;41,2;18,44;33,35;3,74;0;43;82;16,4;0;0;0;13;0,03;0,2;3,74;0
PASTA DE HÍGADO;FORMADORES;PROD. DE CARNES;390;43,9;12,41;34,28;7,21;0;23;148;2;892;149;2,3;26;0,05;0,21;3,26;0
QUESO DE CERDO;FORMADORES;PROD. DE CARNES;248;59,3;15,59;18,28;4,32;0;58;61;2,4;0;0;0;0;0,03;0,14;3,33;0
ISPI FRESCO;FORMADORES;PESCADO FRESCO;127;73,4;17,59;5,47;0,73;0;1123;310;3,5;0;0;0;53;0;0;4,9;1
MERLUZA;FORMADORES;PESCADO FRESCO;90;78,5;19,3;80;0;0;30;318;1,1;63;278;0;0;0,06;0,21;3,5;0
PEJERREY;FORMADORES;PESCADO FRESCO;87;78,8;18,8;0,5;0;0;105;311;0,7;0;0;0;0;0,01;0,05;4,5;0
Mauri;FORMADORES;PESCADO FRESCO;87;78,8;18,8;0,5;0;0;105;311;0,7;0;0;0;0;0,01;0,05;4,5;0
PESCADO DE RIÓ;FORMADORES;PESCADO FRESCO;101;78,4;17,9;2,7;0;0;20;180;0,7;53;317;0;0;0,03;0,08;3;0
Wallacke;FORMADORES;PESCADO FRESCO;101;78,4;17,9;2,7;0;0;20;180;0,7;53;317;0;0;0,03;0,08;3;0
Karachi;FORMADORES;PESCADO FRESCO;101;78,4;17,9;2,7;0;0;20;180;0,7;53;317;0;0;0,03;0,08;3;0
TRUCHA;FORMADORES;PESCADO FRESCO;82;79,8;18,2;1;0;0;12;152;1;59;310;0;0;0,05;0,05;2,8;0
BACALAO SECO SALADO;FORMADORES;PESCADO SECO ENLATADO;375;12,3;81,8;2,8;0;0;50;891;3,6;8100;160;0;0;0,08;0,45;10,9;0
ISPI SECO;FORMADORES;PESCADO SECO ENLATADO;431;10,7;62,43;20,43;5,84;0;138;1827;18,5;0;0;0;0;0,25;2,4;6,13;0
ATÚN EN ACEITE;FORMADORES;PESCADO SECO ENLATADO;269;55,4;24;18,5;0;0;3;230;1,2;800;240;0;200;0,04;0,14;10,2;0
Atún van camps light;FORMADORES;PESCADO SECO ENLATADO;269;55,4;24;18,5;0;0;3;230;1,2;800;240;0;200;0,04;0,14;10,2;0
SARDINA EN ACEITE;FORMADORES;PESCADO SECO ENLATADO;239;47,1;21,1;27;1;0;350;430;3,5;650;430;3;100;0,01;0,14;4;0
SARDINA EN TOMATE;FORMADORES;PESCADO SECO ENLATADO;216;63,1;17,8;14,8;1,6;0;380;400;4,1;370;420;1,6;0;0,01;0,17;53;0
ARVEJA SECA;FORMADORES;LEGUMINOSAS;336;12,6;24,62;0,91;59,68;5,3;79;368;5,5;33;933;4;0;0,51;0,19;2,2;2
ARVEJA TOSTADA;FORMADORES;LEGUMINOSAS;370;4,2;25,82;1,08;66,69;6,8;119;461;1,4;0;0;0;0;0,17;0,26;1,87;1
GARBANZO;FORMADORES;LEGUMINOSAS;345;9,2;20,25;1,09;65,38;8,4;154;400;33,6;9;655;0;0;0,06;0,3;2,68;0
HABA SECA;FORMADORES;LEGUMINOSAS;345;9,2;20,25;1,09;65,38;8,4;154;400;36,6;48;1000;1,7;0;0,06;0,3;2,68;0
HABA TOSTADA;FORMADORES;LEGUMINOSAS;374;2,5;23,24;1,74;68,51;8,9;159;593;8;0;0;0;0;0,15;0,42;2,81;1
LENTEJA;FORMADORES;LEGUMINOSAS;348;8,9;23,06;0,89;63,26;5,3;67;356;37,6;7;1103;3,1;0;0,22;0,31;1,87;2
MANÍ;FORMADORES;LEGUMINOSAS;551;4,9;27,14;44,4;20,7;5,2;70;532;4,7;0;0;0;0;0,62;0,19;9,75;1
MANÍ TOSTADO;FORMADORES;LEGUMINOSAS;564;1;24,28;43,35;28,49;3,7;53;487;3,2;0;0;0;0;0,09;0,1;7,4;1
PALQUI;FORMADORES;LEGUMINOSAS;378;7,1;34,8;9,85;42,99;3,6;88;299;6,7;0;0;0;0;0;0;3,08;2
POROTO;FORMADORES;LEGUMINOSAS;341;9,9;21,12;0,5;64,45;6,9;116;421;9,4;43;1160;2,8;0;0;0;1,7;1
SOYA;FORMADORES;LEGUMINOSAS;410;8,9;34,03;18,8;33,18;6,4;271;645;11,5;4;1900;3;0;0,39;0,27;1,87;1
TARHUI COCIDO;FORMADORES;LEGUMINOSAS;177;62,5;20,03;8,94;8,14;1,1;138;178;4,3;0;0;0;0;0,04;0,28;1,24;0
TARHUI SECO;FORMADORES;LEGUMINOSAS;369;11,7;42,18;16,02;26,69;7,5;98;542;7,8;0;0;0;0;0,46;0,52;2;3
TARHUI HARINA;FORMADORES;LEGUMINOSAS;450;4,5;44,85;23,13;24,96;9,3;215;308;17,7;0;0;0;1;0;0;2,14;0
HUEVO ENTERO GALLINA;FORMADORES;HUEVOS;136;75,6;13,53;7,5;2,49;0;74;161;3,4;123;129;1,5;134;0,1;0,23;0,11;0
Huevo;FORMADORES;HUEVOS;136;75,6;13,53;7,5;2,49;0;74;161;3,4;123;129;1,5;134;0,1;0,23;0,11;0
HUEVO YEMA GALLINA;FORMADORES;HUEVOS;314;54,4;15,19;26,47;2,44;0;130;405;6,6;71;112;3,6;294;0,11;0,3;0,11;0
HUEVO CODORNIZ;FORMADORES;HUEVOS;291;36,5;10,71;10,07;41,71;0;70;144;3,6;0;0;0;95;0,09;0,26;0,1;0
HUEVO PATO;FORMADORES;HUEVOS;181;70,5;12,52;12,85;3,18;0;70;207;3,9;0;0;0;84;0,25;0,21;0,36;0
HUEVO TORTUGA;FORMADORES;HUEVOS;403;27,4;29,08;24,82;14,27;0;765;199;3,6;0;0;0;122;0,24;0,21;0,16;0
LECHE CONDENSADA;FORMADORES;LECHE Y DERIVADOS;321;27,1;8,1;8,7;54,3;0;262;206;0,1;140;340;0;360;0,08;0,38;0,2;1
LECHE DESCREMADA EN POLVO;FORMADORES;LECHE Y DERIVADOS;349;5,8;35;1;49,2;0;1140;1030;0,1;527;1315;1,2;10;0,25;1,46;0,7;5
LECHE ENTERA EN POLVO;FORMADORES;LECHE Y DERIVADOS;504;1,5;24,27;27,66;40,65;0;968;762;0,7;383;1114;2,3;0;0,28;1,57;0,48;8
LECHE EVAPORADA;FORMADORES;LECHE Y DERIVADOS;137;73,8;7;7,9;9,7;0;252;2205;0,1;100;270;1;320;0,4;0,34;0,2;1
LECHE FRESCA ENTERA;FORMADORES;LECHE Y DERIVADOS;65;87,4;3,3;3,5;5,2;0;152;86;0,3;45;140;0,35;35;0,04;0,2;0,1;1
Leche entera;FORMADORES;LECHE Y DERIVADOS;65;87,4;3,3;3,5;5,2;0;152;86;0,3;45;140;0,35;35;0,04;0,2;0,1;1
LECHE MATERNIZADA;FORMADORES;LECHE Y DERIVADOS;524;2;12;28;56;0;330;260;3,9;0;0;0;1530;0,55;0,81;4,1;40
LECHE MATERNA;FORMADORES;LECHE Y DERIVADOS;77;85,2;1,1;4;9,5;0;33;14;0,1;11;44;0,28;72;0,01;0,04;0,2;40
LECHE RECONSTITUIDA PIL;FORMADORES;LECHE Y DERIVADOS;59;88,2;3,15;3,02;4,61;0;123;82;0,1;50;140;0;142;0,05;0,27;0,35;40
LECHE CHOCOLATEADA;FORMADORES;LECHE Y DERIVADOS;68;86,2;3,89;3,13;6,2;0;343;7;0,2;0;0;0;118;0,04;0,26;0,88;0
LECHE SABOR DAMASCO;FORMADORES;LECHE Y DERIVADOS;70;85,4;3,64;2,98;7,3;0;570;79;0,2;1,2;420;0,2;118;0,04;0,27;0,91;0
LECHE SABOR FRUTILLA;FORMADORES;LECHE Y DERIVADOS;72;84,9;3,13;3,08;8,21;0;123;69;0,1;0;0;0;72;0,04;0,25;0,57;0
LECHE DULCE;FORMADORES;LECHE Y DERIVADOS;336;19,9;8,1;6,73;62,69;0;339;191;0,4;0;0;0;37;0,03;0,45;0,52;9
YOGURT NATURAL;FORMADORES;LECHE Y DERIVADOS;56;88,8;2,56;2,82;5,22;0;100;75;0,2;64;220;0,63;22;0,02;0,14;0,37;6
YOGURT CON SABOR;FORMADORES;LECHE Y DERIVADOS;79;80,1;3,22;0,96;14,59;0;198;81;0,5;64;220;0,64;0,05;0,31;0,82;0;0
Biogurt;FORMADORES;LECHE Y DERIVADOS;79;80,1;3,22;0,96;14,59;0;198;81;0,5;64;220;0,64;0,05;0,31;0,82;0;0
QUESO CRIOLLO;FORMADORES;QUESOS;308;43,4;19,08;23,37;7,72;0;578;94;1,4;850;150;3;55;0,02;0,22;0,41;0
Queso;FORMADORES;QUESOS;308;43,4;19,08;23,37;7,72;0;578;94;1,4;850;150;3;55;0,02;0,22;0,41;0
QUESO CHAQUEÑO;FORMADORES;QUESOS;426;31,5;37,23;30,33;0;0;683;250;3,9;850;150;3;63;0,04;0,28;0,73;0
QUESO FRESCO PIL;FORMADORES;QUESOS;204;59,5;19,46;11,18;5,96;0;549;67;1,4;850;150;3;47;0,02;0,46;0,21;0
QUESO FUNDIDO;FORMADORES;QUESOS;179;53,4;19,61;2,49;19,09;0;549;77;1,8;850;150;3;42;0,03;0,4;0,3;0
QUESO COLLANA;FORMADORES;QUESOS;317;41,9;9,06;21,05;24,02;0;633;246;1,9;850;150;3;139;0,03;0,25;0,71;0
QUESO MADURO;FORMADORES;QUESOS;299;36,3;23,29;12,33;23,6;0;654;84;1,8;850;150;3;42;0,04;0,5;0,21;0
QUESO MENONITA;FORMADORES;QUESOS;379;36,5;25,39;27,37;7,78;0;749;43;2,1;850;150;3;74;0,03;0,22;0,35;1
QUESO MUSARELLA;FORMADORES;QUESOS;229;47,6;28,65;5,54;15,09;0;677;87;2,6;850;150;3;23;0,03;0,44;0,27;0
QUESILLO;FORMADORES;QUESOS;293;48,2;19,03;22,42;3,83;0;660;47;2;265;121;0;47;0,03;0,15;0,27;0
ACELGA;PROTECTORES;VERDURAS;25;91,6;1,93;0,35;5,01;0,6;72;34;5,3;137;344;0;473;0,04;0,24;0,68;28
ACHOJCHA;PROTECTORES;VERDURAS;18;94,2;0,82;0,1;4,25;0,7;20;15;1;0;0;0;33;0,05;0,1;1,18;6
AJÍ AMARILLO;PROTECTORES;VERDURAS;339;8,1;7,57;4,86;78,57;15,6;145;296;14,6;4;231;0;401;0,25;0,71;1,64;46
AJÍ COLORADO;PROTECTORES;VERDURAS;328;7,8;9,32;2,82;78,84;16,4;140;238;16,4;70;0;0;493;0,24;0,84;1,9;55
AJO;PROTECTORES;VERDURAS;144;59,7;6,84;0,2;32,25;0,9;21;216;1,5;140;420;1;0;0,22;0,18;0,39;11
APIO HOJAS;PROTECTORES;VERDURAS;48;82,3;4,55;0,18;10,01;2,8;220;69;8,5;2;280;0,2;580;0,09;0,16;0,93;30
APIO;PROTECTORES;VERDURAS;48;82,3;4,55;0,18;10,01;2,8;220;69;8,5;2;280;0,2;580;0,09;0,16;0,93;30
ARVEJA;PROTECTORES;VERDURAS;71;81,2;6,44;0,37;11,23;2,2;47;94;2,3;3;375;0,5;129;0,22;0,19;1,01;33
BERENJENA;PROTECTORES;VERDURAS;33;90,1;1,18;0,23;8,03;0,8;11;17;0,5;56;214;0,28;0;0,06;0,06;5,95;5
BERRO;PROTECTORES;VERDURAS;31;88,6;4,16;0,27;5,34;1,2;184;75;4,3;6;342;0,15;491;0,11;0,21;1;86
CEBOLLA CABEZA;PROTECTORES;VERDURAS;37;90;0,96;0,21;5,49;0,5;29;35;0,6;0;151;0,08;8;0,04;0,07;0,4;5
CEBOLLA;PROTECTORES;VERDURAS;37;90;0,96;0,21;5,49;0,5;29;35;0,6;0;151;0,08;8;0,04;0,07;0,4;5
CEBOLLA HOJAS;PROTECTORES;VERDURAS;24;92,9;1,64;0,1;4,79;1,1;44;38;4,6;14;0;0;168;0,06;0,3;0,6;65
COLIFLOR;PROTECTORES;VERDURAS;29;90,7;2,25;0,2;6;1,2;27;44;1,5;3;373;0,3;12;0,08;0,16;0,7;64
CHOCLO;PROTECTORES;VERDURAS;103;71;2,61;1,02;24,57;0,6;9;110;1;48;0;0;0;0,01;0,09;1,05;4
ESPINACA;PROTECTORES;VERDURAS;34;87,8;3,16;0,24;6,7;1,6;84;24;1,7;11;773;0,6;3,83;0,08;0,27;1,14;28
HABA;PROTECTORES;VERDURAS;84;74,5;11,38;0,46;12,26;0,9;29;187;3,2;0;386;0,01;184;0,23;0,36;0,94;28
LACAYOTE;PROTECTORES;VERDURAS;27;93,1;0,7;0,3;6,51;0,9;29;26;0,9;12;0;0;3;0,07;0,06;0,62;7
LECHUGA;PROTECTORES;VERDURAS;27;91,3;1,16;0,19;6,36;1,1;47;36;1,2;3;215;0,5;203;0,06;0,05;0,48;17
LOCOTO;PROTECTORES;VERDURAS;30;91,1;1,22;0,1;7,26;1,6;18;27;0,7;0;0;0;41;0,05;0,23;0,78;10
LLULLUCHA;PROTECTORES;VERDURAS;358;6,3;25,38;0,75;62,43;9,8;1076;258;19,6;0;0;0;10;0;0;0,66;0
NABO;PROTECTORES;VERDURAS;30;91,5;0,89;0,1;5,89;0,9;21;28;1,5;39;317;0,08;0;0,03;0,06;0,83;27
PALTA;PROTECTORES;VERDURAS;159;74,4;1,68;15,3;7,61;1,4;9;72;1,1;3;340;0;16;0,04;0,13;0,41;18
PEPINO;PROTECTORES;VERDURAS;13;96;0,7;0,16;2,78;0,4;16;23;0,7;3;206;0,16;0;0,03;0,05;0,3;17
PEREJIL;PROTECTORES;VERDURAS;62;79,3;3,95;0,59;13,38;2,4;247;49;7,6;29;880;0,9;800;0,13;0,05;0,78;385
Quirquiña;PROTECTORES;VERDURAS;62;79,3;3,95;0,59;13,38;2,4;247;49;7,6;29;880;0,9;800;0,13;0,05;0,78;385
Orégano;PROTECTORES;VERDURAS;62;79,3;3,95;0,59;13,38;2,4;247;49;7,6;29;880;0,9;800;0,13;0,05;0,78;385
PIMENTÓN;PROTECTORES;VERDURAS;31;90,7;1,25;0,2;7,46;1,4;21;29;1,1;0,8;170;0,2;54;0,07;0,25;0,12;55
RÁBANO;PROTECTORES;VERDURAS;20;94,4;0,75;0,12;4,31;0,9;23;32;1,6;12;260;0,16;0;0,03;0,2;0,38;19
REMOLACHA;PROTECTORES;VERDURAS;57;83,6;2,34;0,1;13,04;0,8;30;29;1,6;85;334;0,02;0;0,03;0,04;0,51;5
REPOLLO;PROTECTORES;VERDURAS;26;92,1;1,18;0,2;6,08;0,7;30;20;1,1;10;227;1,5;46;0,05;0,07;0,5;43
TOMATE;PROTECTORES;VERDURAS;20;93,9;1,01;0,3;4,18;0,8;15;28;1;44;408;0,24;86;0,06;0,13;0,56;20
VAINITA;PROTECTORES;VERDURAS;35;89,2;2,8;0,17;7,42;1,7;48;38;1,3;3;100;0,3;52;0,09;0,07;0,96;16
ZANAHORIA;PROTECTORES;VERDURAS;35;90,2;0,91;1,14;8,13;1;29;31;0,4;44;408;0,3;667;0,04;0,23;0,98;5
ZAPALLO;PROTECTORES;VERDURAS;30;90;1,12;0,1;7,55;1,3;32;34;1;0,6;480;0,2;300;0,05;0,09;0,72;10
CIRUELO;PROTECTORES;FRUTAS FRESCAS;50;85,9;0,49;0,2;13,01;0,4;12;27;0,4;1;190;0,03;15;0,04;0,06;0,45;11
COCO FRESCO;PROTECTORES;FRUTAS FRESCAS;233;54,9;1,78;12,39;30,18;12,4;46;76;2,7;8;2;1;3;0,02;0,15;0,26;0
CHIRIMOYA;PROTECTORES;FRUTAS FRESCAS;135;61,5;0,91;0,22;36,03;2;35;42;0,7;9;206;0;15;0,09;0,05;0,86;19
DAMASCO;PROTECTORES;FRUTAS FRESCAS;54;84,7;0,85;0,38;13,2;0,9;17;31;1;2;346;0,22;71;0,04;0,14;0,5;9
DURAZNO;PROTECTORES;FRUTAS FRESCAS;75;78,7;0,63;0,19;19,88;0,9;15;22;1,1;7;295;0,1;0;0,04;0,07;0,47;15
FRUTILLA;PROTECTORES;FRUTAS FRESCAS;45;87,3;0,75;0,3;11,19;1,2;30;33;1,9;0,9;180;0,09;0;0,02;0,08;0,61;80
GRANADA;PROTECTORES;FRUTAS FRESCAS;75;79;1,08;0,24;19,24;4,4;12;34;0,6;0;0;0;0;0,08;0,05;0,54;18
Maracuyá;PROTECTORES;FRUTAS FRESCAS;75;79;1,08;0,24;19,24;4,4;12;34;0,6;0;0;0;0;0,08;0,05;0,54;18
GRANADILLA;PROTECTORES;FRUTAS FRESCAS;91;73,7;2,2;0,22;22,86;4;11;66;1,6;0;0;0;7;0;0,17;1,95;7
HIGO;PROTECTORES;FRUTAS FRESCAS;85;76,1;0,94;0,25;22,15;2,3;48;25;0,6;2;180;0,25;14;0,05;0,1;0,35;5
LIMA;PROTECTORES;FRUTAS FRESCAS;31;89,4;0,41;0,51;9,34;0,8;21;16;0,6;1;100;0;3;0,02;0,04;0,3;41
LIMÓN;PROTECTORES;FRUTAS FRESCAS;30;89,2;0,63;0,55;9,43;0,5;30;24;0,5;0;0;0;10;0,04;0,06;0,58;40
LUGMA;PROTECTORES;FRUTAS FRESCAS;81;77,2;0,48;0,22;21,44;23;8;33;0,6;1;137;0;12;0,04;0,06;0,38;12
MANDARINA;PROTECTORES;FRUTAS FRESCAS;83;77,1;0,85;0,41;21,23;0,7;55;30;0,8;1,3;175;0,08;103;0,08;0,03;1,1;59
MANGO;PROTECTORES;FRUTAS FRESCAS;73;79,6;0,27;0,29;19,56;0,9;9;20;0,5;0;0;0;72;0,04;0,08;0,35;19
MANZANA;PROTECTORES;FRUTAS FRESCAS;67;81,4;0,28;0,2;17,77;1,3;9;13;0,8;1;96;0,1;7;0,04;0,06;0,31;8
MELÓN;PROTECTORES;FRUTAS FRESCAS;28;92;0,48;0,2;6,85;0,4;23;13;1,4;14;226;0,09;98;0,03;0,04;0,9;74
MEMBRILLO;PROTECTORES;FRUTAS FRESCAS;69;80,5;0,43;0,19;18,37;1,5;8;32;0,6;9;144;0;7;0,04;0,03;0,38;11
NARANJA;PROTECTORES;FRUTAS FRESCAS;45;87,2;0,68;0,21;11,51;0,6;27;27;0,7;0,3;170;0,17;8;0,04;0,04;0,42;54
PACAI;PROTECTORES;FRUTAS FRESCAS;62;82,7;0,86;0,2;15,88;0,9;6;13;0,6;0;0;0;0;0,05;0,06;0,84;17
PAPAYA;PROTECTORES;FRUTAS FRESCAS;49;85,9;0,48;0,1;12,82;0,7;24;21;0,6;0;0;0;86;0,03;0,06;0,3;56
PERA;PROTECTORES;FRUTAS FRESCAS;64;82,1;0,33;0,2;17,11;1,4;10;25;0,5;3;144;0,16;0;0,03;0,04;0,27;7
PERAMOTA;PROTECTORES;FRUTAS FRESCAS;73;79,6;0,35;0,2;19,49;2,7;27;27;0,7;0;0;0;0;0,04;0,05;0,31;5
PIÑA;PROTECTORES;FRUTAS FRESCAS;43;87,7;0,62;0,17;11,1;0,4;18;13;0,5;0,6;229;0,25;11;0,07;0,05;0,28;10
PLÁTANO GUAYAQUIL;PROTECTORES;FRUTAS FRESCAS;93;74;1,22;0,45;23,57;0,3;9;35;1,1;1;420;0,23;0;0,04;0,05;0,56;8
Plátano guineo;PROTECTORES;FRUTAS FRESCAS;93;74;1,22;0,45;23,57;0,3;9;35;1,1;1;420;0,23;0;0,04;0,05;0,56;8
PLÁTANO MANZANO;PROTECTORES;FRUTAS FRESCAS;104;71;1,27;0,32;26,88;0,46;11;30;1,3;0;0;0;28;0,05;0,07;0,85;3
PLÁTANO VERDE;PROTECTORES;FRUTAS FRESCAS;67;55,6;0,48;1,78;41,73;9,3;12;54;1;0;0;0;39;0,06;0,11;1,01;25
PLÁTANO SEDA;PROTECTORES;FRUTAS FRESCAS;77;78,3;1,18;0,2;19,84;0,5;9;38;0,8;0;0;0;9;0,07;0,26;0,98;7
PLÁTANO POSTRE;PROTECTORES;FRUTAS FRESCAS;163;54,3;1,22;0,39;43,3;2,5;8;34;0,9;1;420;0;56;0,07;0,14;0,8;10
PLÁTANO HARINA;PROTECTORES;FRUTAS FRESCAS;347;11,8;1,81;0,21;84,39;0,9;11;106;3,5;0;0;0;0;0,06;0,09;1,25;0
SANDIA;PROTECTORES;FRUTAS FRESCAS;34;90,5;0,52;0,13;8,55;0,1;12;12;8,7;4;120;0,1;35;0,04;0,1;0,24;0
TORONJA;PROTECTORES;FRUTAS FRESCAS;48;86,4;0,75;0,2;12,23;0,4;21;23;0,3;1;200;0;3;0,02;0,04;0,58;31
TAMARINDO;PROTECTORES;FRUTAS FRESCAS;290;18,5;4,89;1,65;72,06;3;118;107;2,8;0;0;0;0;0;0,7;0,71;1
TUMBO;PROTECTORES;FRUTAS FRESCAS;75;79,7;1,44;0,94;17,27;6,5;12;39;1,4;0;0;0;965;0,02;0,06;0,4;49
TUNA;PROTECTORES;FRUTAS FRESCAS;63;82,5;1,06;0,16;16,03;6,3;34;20;0,5;0;0;0;0;0,03;0,02;0,3;17
UVA BLANCA;PROTECTORES;FRUTAS FRESCAS;63;82,6;0,69;0,47;15,84;0,3;19;16;1;2;250;0,1;0;0,04;0,05;0,44;4
UVA NEGRA;PROTECTORES;FRUTAS FRESCAS;79;78,2;0,48;0,48;20,49;0,4;13;33;8;2;320;0,1;12;0,05;0,04;0,44;3
DURAZNO OREJÓN;PROTECTORES;FRUTAS SECAS Y OLEAGINOSAS;329;5,9;3,75;0,34;87,19;0,9;36;123;2,7;55;1381;0;36;0,04;0,03;0,52;31
HIGO SECO;PROTECTORES;FRUTAS SECAS Y OLEAGINOSAS;317;9,2;3,91;0,23;83,91;6,1;218;90;10,5;30;871;0,86;0;0,06;0,07;1,5;23
UVA SECA;PROTECTORES;FRUTAS SECAS Y OLEAGINOSAS;299;15,4;3;0,3;79,66;1,3;70;74;3;52;860;0,1;0;0,08;0,17;1,05;17
Pasas;PROTECTORES;FRUTAS SECAS Y OLEAGINOSAS;299;15,4;3;0,3;79,66;1,3;70;74;3;52;860;0,1;0;0,08;0,17;1,05;17
ALMENDRA;PROTECTORES;FRUTAS SECAS Y OLEAGINOSAS;600;3,9;17,43;54,24;20,94;3,1;212;425;3,2;6;860;3,1;0;0,2;0,49;3,69;0
NUEZ;PROTECTORES;FRUTAS SECAS Y OLEAGINOSAS;597;4,1;13,8;51,76;28,55;3;91;370;4,3;3;690;3;10;0,24;0,52;3,1;3
DURAZNO AL JUGO;PROTECTORES;FRUTAS EN CONSERVA;105;73,6;1,13;0,04;25;1,4;12;15;0,8;6;67;0;37;0,01;0,1;0,88;2
FRUTILLA EN LATA;PROTECTORES;FRUTAS EN CONSERVA;24;68,8;2,78;0,1;27,9;0,3;19;12;0,6;7;97;0;2;0,03;0,08;1,65;3
GUINDAS EN LATA;PROTECTORES;FRUTAS EN CONSERVA;116;70,7;2,88;0,1;25,99;0,1;17;3;1,7;3;280;0,1;19;0,02;0,06;1,78;2
PERA EN LATA;PROTECTORES;FRUTAS EN CONSERVA;117;70,5;0,19;0,02;28,11;0,7;11;7;0,7;0;0;0;18;0,02;0,07;4,12;3
PIÑA EN LATA;PROTECTORES;FRUTAS EN CONSERVA;107;73,1;0,69;0,14;25,91;0,3;13;5;0,8;1;94;0;8;0,05;0,16;0,55;1
UVA BLANCA EN LATA;PROTECTORES;FRUTAS EN CONSERVA;131;67,2;1,03;1,07;35,5;0,4;12;12;0,5;0;0;0;46;0,01;0,1;0,74;3
CAFÉ;BEBIDAS;INFUSIONES;33;91,6;0,44;0;7,86;0;15;6;0,7;0;254;0;0;0,01;0,03;0,8;0
DURAZNO SECO BEBIDA;BEBIDAS;INFUSIONES;42;39,6;0,44;0;9,98;0;0;3;0,8;0;0;0;0;0;0,02;0;0
TÉ;BEBIDAS;INFUSIONES;2;98,6;0,1;0;0,4;0;5;4;0,2;4;1800;0;0;0;0,04;0,1;0
SULTANA;BEBIDAS;INFUSIONES;300;18,6;0,6;0,86;65,6;13,7;342;139;26,6;0;0;0;0;0,12;0,34;2,5;49
Linaza molida;BEBIDAS;INFUSIONES;550;18,6;18,9;39,92;28,8;27,3;342;139;26,6;0;0;0;0;0,12;0,34;2,5;49
TE DE ZANAHORIA;BEBIDAS;INFUSIONES;370;1,9;8,43;0,51;83,02;15,1;220;58;4,8;0;0;0;1186;0,02;0,18;2,1;0
COCA COLA;BEBIDAS;GASEOSAS;88;0;0;0;22;0;0;0;0;8;8;0;0,1;0;0;0;0
Gaseosa;BEBIDAS;GASEOSAS;88;0;0;0;22;0;0;0;0;8;8;0;0,1;0;0;0;0
Coca Quina;BEBIDAS;GASEOSAS;88;0;0;0;22;0;0;0;0;8;8;0;0,1;0;0;0;0
Fanta;BEBIDAS;GASEOSAS;88;0;0;0;22;0;0;0;0;8;8;0;0,1;0;0;0;0
Papaya salvieti;BEBIDAS;GASEOSAS;88;0;0;0;22;0;0;0;0;8;8;0;0,1;0;0;0;0
Simba;BEBIDAS;GASEOSAS;88;0;0;0;22;0;0;0;0;8;8;0;0,1;0;0;0;0
Mineragua;BEBIDAS;GASEOSAS;88;0;0;0;22;0;0;0;0;8;8;0;0,1;0;0;0;0
CERVEZA PILSENER;BEBIDAS;ALCOHÓLICAS;18;95,5;1,14;0;3,26;0;0;6;0,3;5;27;0,02;23;0;0;0,27;0
BICERVECINA;BEBIDAS;ALCOHÓLICAS;26;93,4;0,62;0;5,98;0;0;17;1,1;16;33;0;0;0,02;0,16;0,19;0
CHICHA DE MAÍZ;BEBIDAS;ALCOHÓLICAS;17;95,7;0,58;0,21;3,27;0;12;25;0,6;0;0;0;0;0,04;0,15;0,24;0
VINO OPORTO;BEBIDAS;ALCOHÓLICAS;102;74,2;0,97;0;24,64;0;13;28;1,6;4;75;0,3;35;0;0;0,1;1
ZUMO DE MANDARINA;BEBIDAS;ZUMOS;56;86;0,25;0,15;13,3;0,1;13;16;0,9;0,6;170;0;22;0,08;0,31;1,07;19
ZUMO DE NARANJA;BEBIDAS;ZUMOS;64;83,6;0,42;0,17;15,5;0,1;13;15;0,7;2;180;0,2;16;0,03;0,06;1,76;38
ZUMO DE PIÑA;BEBIDAS;ZUMOS;84;78,7;0,41;0,17;20,25;1,1;13;15;0,7;8;43;0;6;0,04;0,09;1,23;5
ZUMO DE TOMATE;BEBIDAS;ZUMOS;29;90,9;0,22;8,02;7,85;0,3;13;17;0,9;230;260;0,4;22;0,02;0,1;1,6;2
ZUMO DE TORONJA;BEBIDAS;ZUMOS;60;85;0,26;0,15;14,35;0,1;13;15;0,7;7;68;0,4;10;0,04;0,16;0,82;28
CONCHITAS AL HUEVO;DIVERSOS;SOPAS EN SOBRE;367;3,4;12,93;7,07;62,93;0,7;140;165;3,6;0;0;0;58;0;0;0,91;0
CREMA DE ESPÁRRAGOS;DIVERSOS;SOPAS EN SOBRE;377;6;12,47;12,52;53,73;1,3;155;166;10,1;5315;386;0;35;0;0;0,82;0
CREMA DE TOMATE;DIVERSOS;SOPAS EN SOBRE;329;4,9;12,96;3,56;58,27;1,6;83;229;13,8;4684;1175;0;13;0;0;1,9;1
POLLO CON FIDEO;DIVERSOS;SOPAS EN SOBRE;349;5,8;14,2;5;61,75;0,2;140;185;6,9;5618;267;0;53;0;0;1,05;0
RES CON ARROZ;DIVERSOS;SOPAS EN SOBRE;343;6,4;14,99;7,23;54,61;0,3;46;118;8,6;5933;639;0;41;0;0;1,2;0
RES CON FIDEO;DIVERSOS;SOPAS EN SOBRE;340;5;13,91;6,62;56,2;0,5;108;167;4,8;0;0;0;47;0;0;1,6;0
KETCHUP;DIVERSOS;MISCELÁNEAS;126;66,1;1,9;0,02;29,64;0,2;60;33;2,8;1120;590;0;215;0,04;0,07;1,54;1
Salsa de tomate;DIVERSOS;MISCELÁNEAS;126;66,1;1,9;0,02;29,64;0,2;60;33;2,8;1120;590;0;215;0,04;0,07;1,54;1
MAYONESA;DIVERSOS;MISCELÁNEAS;748;11,5;1,1;80;5,9;0;10;30;0,4;360;24;0,4;0;0,02;0,03;0;0
MOSTAZA;DIVERSOS;MISCELÁNEAS;125;71,9;5,75;5,8;12,51;1,9;49;69;4,9;1300;130;0;201;0;0;2,5;2
VINAGRE;DIVERSOS;MISCELÁNEAS;12;0;0;0;5;0;7;10;0,5;620;89;0;0;0;0;0;0
SAL;DIVERSOS;MISCELÁNEAS;0;0;0;0;0;0;0;0;0;40 000;0;0;0;0;0;0;0
CANELA;DIVERSOS;MISCELÁNEAS;0;0;0;0;0;0;0;0;0;0;0;0;0;0;0;0;0
Canela rama;DIVERSOS;MISCELÁNEAS;0;0;0;0;0;0;0;0;0;0;0;0;0;0;0;0;0
CUBITO MAGUI;DIVERSOS;MISCELÁNEAS;0;0;0;0;0;0;0;0;0;0;0;0;0;0;0;0;0
COMINO;DIVERSOS;MISCELÁNEAS;0;0;0;0;0;0;0;0;0;0;0;0;0;0;0;0;0
PIMIENTA;DIVERSOS;MISCELÁNEAS;0;0;0;0;0;0;0;0;0;0;0;0;0;0;0;0;0
ANÍS;DIVERSOS;MISCELÁNEAS;0;0;0;0;0;0;0;0;0;0;0;0;0;0;0;0;0
MANZANILLA;DIVERSOS;MISCELÁNEAS;0;0;0;0;0;0;0;0;0;0;0;0;0;0;0;0;0
Trimate;DIVERSOS;MISCELÁNEAS;0;0;0;0;0;0;0;0;0;0;0;0;0;0;0;0;0
Toronjil;DIVERSOS;MISCELÁNEAS;0;0;0;0;0;0;0;0;0;0;0;0;0;0;0;0;0
Hierba luisa;DIVERSOS;MISCELÁNEAS;0;0;0;0;0;0;0;0;0;0;0;0;0;0;0;0;0
Mate;DIVERSOS;MISCELÁNEAS;0;0;0;0;0;0;0;0;0;0;0;0;0;0;0;0;0
ADN-Hiperproteico;DIETOTERAPIA;PRODUCTOS NUTROTERAPICOS;446;0;23,3;14;56,7;0;0;0;0;0;0;0;0;0;0;0;0
ENSURE;DIETOTERAPIA;PRODUCTOS NUTROTERAPICOS;450;0;15,9;15,9;61,8;0;0,73;0,23;4,05;0;0;0;339;0,68;0,77;9;68
PROFIBRA-A;DIETOTERAPIA;PRODUCTOS NUTROTERAPICOS;240;0;50;1;9;0;1290;0;0,05;0;0;0;2500;8,33;8,33;25;83
ADN-Convencional sin lactosa;DIETOTERAPIA;PRODUCTOS NUTROTERAPICOS;446;0;16,2;18;59,8;0;300;275;4;0;0;0;396;1;1,1;10;50
ADN;DIETOTERAPIA;PRODUCTOS NUTROTERAPICOS;446;0;16,2;18;59,8;0;300;275;4;0;0;0;396;1;1,1;10;50
ADN-Con fibra;DIETOTERAPIA;PRODUCTOS NUTROTERAPICOS;435;0;15,5;17;54,8;6,5;300;275;4;0;0;0;396;1;1,1;10;50
ADN-Pediátrico;DIETOTERAPIA;PRODUCTOS NUTROTERAPICOS;488;0;13,2;22,4;58,4;0;439;341;6;0;0;0;420;1;1,2;10;98
ADN-Diabético;DIETOTERAPIA;PRODUCTOS NUTROTERAPICOS;486;0;20,5;27,5;39,2;6,8;300;275;4;0;0;0;396;1;1,1;10;50
ADN-Renal;DIETOTERAPIA;PRODUCTOS NUTROTERAPICOS;501;0;18,4;25,3;49,8;0;368;179;4,5;0;0;0;90;0,4;0,5;2,6;24
HIPALEN;DIETOTERAPIA;PRODUCTOS NUTROTERAPICOS;444;0;15,5;17,1;57;0;300;275;4;0;0;0;396;1;1,1;10;120
CASEINATO DE CALCIO;DIETOTERAPIA;PRODUCTOS NUTROTERAPICOS;377;0;92;1;0;0;1200;800;0;0;0;0;0;0;0;0;0
PRO MOD;DIETOTERAPIA;PRODUCTOS NUTROTERAPICOS;560;0;100;12;13,4;0;880;1300;0;0;0;0;0;0;0;0;0
MODULO CALORICO;DIETOTERAPIA;PRODUCTOS NUTROTERAPICOS;385;0;0;0;95,6;0;0;0;0;0;0;0;0;0;0;0;0
MOD CALÓRICO;DIETOTERAPIA;PRODUCTOS NUTROTERAPICOS;385;0;0;0;95,6;0;0;0;0;0;0;0;0;0;0;0;0
modulo proteico;DIETOTERAPIA;PRODUCTOS NUTROTERAPICOS;365;0;90;0;0;0;1300;0;0;150;0;0;0;0;0;0;0
NODRILACK;DIETOTERAPIA;PRODUCTOS NUTROTERAPICOS;70;78,7;1,9;2,1;10,9;0;0;0;0;0;0;0;0;0;0;0;0
DESAYUNO ESCOLAR;DIVERSOS;MISCELÁNEAS;75,5;;3,3;3,5;7,7;;152;86;4,5;;;0;125;;;;1
Vitina;DIVERSOS;MISCELÁNEAS;342;;10;;74;3;500;0;7;0;0;3,5;0;0,6;0,66;8;0
DULCE DE LECHE;DIVERSOS;MISCELÁNEAS;336;19,88;8,1;6,73;62,69;0;339;191;0,4;;;0;37;0,03;0,45;0,52;9
CONFITURAS ORDINARIAS;DIVERSOS;MISCELÁNEAS;272;29;0,6;0,1;70;1;12;0;1;;;0;0;0,01;0,03;0;2
COME COME;DIVERSOS;MISCELÁNEAS;400;0;3,8;0,38;95;0,38;100;41,6;11,5;;;0;0;0;0;0;0
PIPOCAS;DIVERSOS;MISCELÁNEAS;400;0;3,9;0,4;95;0,4;41,5;100;11,4;;;0;0;0;0;0;0
BOCADITOS;DIVERSOS;MISCELÁNEAS;516;0;10,5;25,6;61,22;0,6;147,7;193;15;;;0;23,16;0;0;0;0
YOKUL;DIVERSOS;MISCELÁNEAS;26,45;0;3;0,5;6;;;;;;;0;0;0;0;0;0
Pilfrut;DIVERSOS;MISCELÁNEAS;26,45;0;3;0,5;6;;;;;;;0;0;0;0;0;0
CHICHARRONCITO;DIVERSOS;MISCELÁNEAS;516;0;10,5;25,6;61,22;0,6;147,7;193;15;;;0;23,16;0;0;0;0
PAPAS FRITAS;DIVERSOS;MISCELÁNEAS;523;0;1,26;28,3;66,36;0,3;104;33,46;0,76;;;0;0;0;0;0;0,93
HUMINTA AL HORNO;DIVERSOS;MISCELÁNEAS;235;48,15;3,93;6,44;40;1,12;11;14;1,9;;;0;7;0,08;0,15;2,86;1
EMPANADA DE QUESO;DIVERSOS;MISCELÁNEAS;354;11,74;9,66;2,15;74,05;0,52;163;116;2,4;;;0;0;0,08;0,48;7,9;1
Pizza;DIVERSOS;MISCELÁNEAS;354;11,74;9,66;2,15;74,05;0,52;163;116;2,4;;;0;0;0,08;0,48;7,9;1
SALTEÑA;DIVERSOS;MISCELÁNEAS;188;63,2;8;8,71;19,47;0,76;13;59;0,5;;;;56;0,11;0,46;1,84;3
HELADO DE CREMA;DIVERSOS;MISCELÁNEAS;145;64,82;5,13;1,6;27,46;0;154;124;1,8;;;;6;0,3;0,11;0,11;1
TORTAS;DIVERSOS;MISCELÁNEAS;360;54;8;10;62;0,03;170;0;0,4;;;;462;0,04;10;0,4;0
YUPI;DIVERSOS;MISCELÁNEAS;0;0;0;0;0;0;0;0;0;0;0;0;0;0;0;0;0
Zuko;DIVERSOS;MISCELÁNEAS;0;0;0;0;0;0;0;0;0;0;0;0;0;0;0;0;0
BRÓCOLI;PROTECTORES;VERDURAS;29;90,7;2,25;0,2;6;1,2;27;44;1,5;3;373;0,3;12;0,08;0,16;0,7;64
LECHE FLUIDA ENTERA;NUEVO;LECHES;65;0;3,3;3,5;5,2;0;152;86;0;0;0;0;35;0,04;0,2;0,1;1
LECHE FLUIDA DESCREMADA;NUEVO;LECHES;36;0;3,6;0,1;5,1;0;121;0;0;0;0;0;0;0,04;0,12;0,1;0
Leche Ligth;NUEVO;LECHES;36;0;3,6;0,1;5,1;0;121;0;0;0;0;0;0;0,04;0,12;0,1;0
LECHE EN POLVO ENTERA;NUEVO;LECHES;502;0;26,4;27,5;38,2;0;909;708;0,5;0;0;0;1130;0,29;1,46;0,7;6
LECHE EN POLVO DESCREMADA;NUEVO;LECHES;349;0;35;1;49,2;0;1140;1030;0,4;0;0;0;10;0,25;1,46;0,7;5
Leche ligth polvo;NUEVO;LECHES;349;0;35;1;49,2;0;1140;1030;0,4;0;0;0;10;0,25;1,46;0,7;5
QUESO FRESCO.;NUEVO;QUESOS;276;0;15,9;18,5;12,6;0;587;136;1,6;0;0;0;80;0,02;0,3;0,4;0
QUESO MADURADO;NUEVO;QUESOS;368;0;28,6;23,3;10,5;0;695;126;2,6;0;0;0;60;0,04;0,3;0,4;0
QUESO MANTECOSO;NUEVO;QUESOS;229;0;28,6;5,5;15;0;677;87;2,6;0;0;0;23;0,03;0,44;0,27;0
YOGURT ENTERO SABORIZADO;NUEVO;YOGURT;79;0;3,2;0,98;14,5;0;198;81;0,5;0;0;0;0;0,31;0,82;0;0
YOGURT ENTERO NATURAL;NUEVO;YOGURT;56;0;2,6;2,8;5,2;0;100;75;0,2;0;0;0;22;0,02;0,14;0,37;6
YOGURT DESCREMADO (LIGTH);NUEVO;YOGURT;50;0;3,4;1,7;5,2;0;120;0;0;0;0;0;70;0,04;0,18;0,1;1
Yogurt ligth;NUEVO;YOGURT;50;0;3,4;1,7;5,2;0;120;0;0;0;0;0;70;0,04;0,18;0,1;1
HUEVO ENTERO GALLINA;NUEVO;HUEVOS;136;0;13,5;7,5;2,5;0;74;161;3,4;0;0;0;134;0,1;0,23;0,11;0
HUEVO YEMA;NUEVO;HUEVOS;314;0;15,2;26,5;2,4;0;130;405;8,6;0;0;0;294;0,11;0,3;0,11;0
HUEVO CLARA GALLINA;NUEVO;HUEVOS;56;0;10,9;0,1;2,1;0;12;18;1,1;0;0;0;0;0,04;0,18;0,07;0
Clara de huevo;NUEVO;HUEVOS;56;0;10,9;0,1;2,1;0;12;18;1,1;0;0;0;0;0,04;0,18;0,07;0
CARNE DE RES MAGRA;NUEVO;CARNES Y DERIVADOS;135;0;20,2;2,9;5,8;0;8;2,21;3,8;0;0;0;76;0,06;0,2;7,53;0
CARNES GRASAS;NUEVO;CARNES Y DERIVADOS;234;0;16,8;18;0;0;6;197;2;0;0;0;0;0,45;0,17;3,2;0
Carne hueso;NUEVO;CARNES Y DERIVADOS;0;0;0;0;0;0;6;50;1;0;0;0;0;0;0;0;0
CARNES BLANCAS;NUEVO;CARNES Y DERIVADOS;257;0;18,1;19,6;0;0;17;236;2,4;0;0;0;0;0,09;0,18;7,53;0
PESCADOS SEMI-GRASOSOS;NUEVO;CARNES Y DERIVADOS;99;0;58,7;2,4;0,2;0;413;260;1,8;0;0;0;18;0,03;0,03;4,06;0
PESCADOS GRASOSOS;NUEVO;CARNES Y DERIVADOS;93;0;21;0,7;0;0;17;0;1,1;0;0;0;18;0,02;0,12;4,9;0
PESCADOS ENLATADOS;NUEVO;CARNES Y DERIVADOS;275;0;20,9;20,1;0,9;0;244;353;2,9;0;0;0;100;0,02;0,15;22,4;0
"MENUDENCIAS ""A""";NUEVO;CARNES Y DERIVADOS;121;0;17,8;4,5;1,1;0;19;221;7,8;0;0;0;1426;0,26;2,08;6,97;8
"MENUDENCIAS ""B""";NUEVO;CARNES Y DERIVADOS;163;0;12,6;10,9;2,6;0;11;218;4;0;0;0;37;3,4;3,25;2,77;3
"MENUDENCIAS ""C""";NUEVO;CARNES Y DERIVADOS;82;0;14,2;2;0,7;0;49;52;1,9;0;0;0;35;0,01;0,09;0,63;0
JAMÓN de pollo;NUEVO;CARNES Y DERIVADOS;250;0;23,5;12,8;8,3;0;18;107;2,4;0;0;0;0;0,17;0,23;6,1;0
CARNES FRÍAS;NUEVO;CARNES Y DERIVADOS;370;0;14,9;32,6;3,2;0;37;129;3,8;0;0;0;0;0,07;0,23;0,77;0
SALCHICHAS;NUEVO;CARNES Y DERIVADOS;281;0;12,6;20,1;11,4;0;43;96;4,4;0;0;0;26;0,03;0,12;2,2;0
"VEGETALES ""A"" (5%)";NUEVO;VERDURAS;27;0;1,9;0,2;5,7;0;61;38;2,4;0;0;0;198;0,08;0,14;1,03;29
"VEGETALES ""B"" (10%)";NUEVO;VERDURAS;45;0;3,2;0,3;8,9;0;51;57;3,1;0;0;0;193;0,15;0,16;0,77;55
"VEGETALES ""C"" (20%)";NUEVO;VERDURAS;100;0;1,9;0,3;23,2;0;26;57;1,8;0;0;0;64;0,06;0,12;1,12;20
TUBÉRCULOS / RAÍCES;NUEVO;VERDURAS;341;0;2,9;0,3;81,7;0;48;69;4,6;0;0;0;20;0,04;0,07;0,99;6
"FRUTAS ""A""  (10%)";NUEVO;FRUTAS;46;0;0,7;0,2;12;0;22;22;0,7;0;0;0;40;0,04;0,06;0,58;31
"FRUTAS ""B""  (15%)";NUEVO;FRUTAS;80;0;0,8;0,3;19,7;0;16;30;0,8;0;0;0;67;0,04;0,06;0,58;12
FRUTAS DESECADAS;NUEVO;FRUTAS;315;0;3,5;0,3;83,6;0;108;96;5,4;0;0;0;12;0,06;0,09;1,02;24
Ciruela desecada;NUEVO;FRUTAS;315;0;3,5;0,3;83,6;0;108;96;5,4;0;0;0;12;0,06;0,09;1,02;24
FRUTAS SECAS;NUEVO;FRUTAS;525;0;14,1;34,8;36;0;106;317;3,7;0;0;0;36;0,28;0,31;4,14;2
CEREALES  ENTEROS;NUEVO;CEREALES Y DERIVADOS;357;0;11,6;2,5;73,1;0;43;280;6,7;0;0;0;0;0,27;0,15;0,27;1
CEREALES HARINAS;NUEVO;CEREALES Y DERIVADOS;359;0;10;2,6;75,8;0;25;230;5,1;0;0;0;0;0,18;0,12;1,67;0
LAGUA CHOCLO;NUEVO;CEREALES Y DERIVADOS;359;0;10;2,6;75,8;0;25;230;5,1;0;0;0;0;0,18;0,12;1,67;0
LAGUA CHUÑO;NUEVO;CEREALES Y DERIVADOS;359;0;10;2,6;75,8;0;25;230;5,1;0;0;0;0;0,18;0,12;1,67;0
CEREALES FÉCULAS;NUEVO;CEREALES Y DERIVADOS;352;0;2,3;0,4;84,1;0;13;24;1,6;0;0;0;13;0,07;0,05;0,46;8
CEREALES FIDEOS;NUEVO;CEREALES Y DERIVADOS;355;0;11,21;0,9;73,8;0;38;119;7,4;0;0;0;17;0;0;0,68;0
MAICENA;NUEVO;CEREALES Y DERIVADOS;357;0;0,6;0,2;85,6;0;8;16;0;0;0;0;0;0;0,02;0;0
CERELAC;NUEVO;CEREALES Y DERIVADOS;423;0;11,5;7,4;77,6;0;275;225;6,2;0;0;0;750;0,2;0,3;3,8;20
MAISOY.;NUEVO;CEREALES Y DERIVADOS;398;0;18,1;4,7;70,9;0;111;259;7,9;0;0;0;218;0,12;0,2;1;0
OTRAS HOJUELAS;NUEVO;CEREALES Y DERIVADOS;381;0;5,3;3;63,5;0;18;47;13,7;0;0;0;751;1,26;1,43;16,68;7
PAN DULCE;NUEVO;PANES;345;0;8,3;7,2;61,6;0;42;71;2,9;0;0;0;4;0,06;0,22;2,11;0
PAN BLANCO;NUEVO;PANES;361;0;8,4;4,5;65,4;0;216;101;4,3;0;0;0;5;0,07;0,19;2,88;0
PAN INTEGRAL;NUEVO;PANES;299;0;10,3;2,7;58;0;108;200;4,1;0;0;0;28;0,09;0,13;1,96;0
GALLETAS DE AGUA;NUEVO;GALLETAS;421;0;13;9,5;72,9;0;39;169;5,4;0;0;0;53;0;0;2,71;0
Galletas;NUEVO;GALLETAS;421;0;13;9,5;72,9;0;39;169;5,4;0;0;0;53;0;0;2,71;0
GALLETAS INTEGRALES;NUEVO;GALLETAS;444;0;9,5;15,2;67,4;0;167;346;4,3;0;0;0;0;0,08;0,14;1,3;0
GALLETAS DULCES;NUEVO;GALLETAS;470;0;9;16,7;70,9;0;72;197;3,8;0;0;0;57;0;0;2,71;0
"LEGUMINOSAS ""A""";NUEVO;LEGUMINOSAS;353;0;22,9;1,4;64,4;0;119;426;14,6;0;0;0;0;0,19;0,28;2,11;0
"LEGUMINOSAS ""B""";NUEVO;LEGUMINOSAS;389;0;38,1;17,4;29,9;0;184;593;9,6;0;0;0;0;0,42;0,39;1,93;0
HARINAS DE LEGUMINOSAS;NUEVO;LEGUMINOSAS;369;0;21,6;7,2;49,8;0;131;0;10,5;0;0;0;4;0,31;0,2;1,86;0
AZÚCAR;NUEVO;AZÚCARES;387;0;0;0;99,9;0;0;0;0;0;0;0;0;0;0;0;0
DULCES (CARAMELOS);NUEVO;AZÚCARES;390;0;0,6;0,2;96,6;0;36;44;1,7;0;0;0;0;0;0;0;0
Menta;NUEVO;AZÚCARES;390;0;0,6;0,2;96,6;0;36;44;1,7;0;0;0;0;0;0;0;0
DULCE DE LECHE;NUEVO;AZÚCARES;336;0;8,1;6,7;62,7;0;339;191;0,4;0;0;0;37;0,03;0,45;0,52;0
MERMELADAS;NUEVO;AZÚCARES;285;0;1,2;0,2;71,2;0;21;30;1;0;0;0;17;0,05;0,18;1,32;0
MERMELADA DIETÉTICA;NUEVO;AZÚCARES;124;0;0,3;29;0,1;0;0;0;0;0;0;0;0;0;0;0;0
GELATINA;NUEVO;POSTRES EN POLVO;400;0;4,2;0,8;93,9;0;43;2;1,7;0;0;0;59;0;0;0,11;0
GELATINA DIETÉTICA;NUEVO;POSTRES EN POLVO;266;0;40,5;24,3;0;0;0;0;0;0;0;0;0;0;0;0;0
PUDÍN;NUEVO;POSTRES EN POLVO;400;0;5;1,7;91,1;0;39;125;1,6;0;0;0;53;0;0;0,22;2
Flan;NUEVO;POSTRES EN POLVO;400;0;5;1,7;91,1;0;39;125;1,6;0;0;0;53;0;0;0,22;2
ACEITE VEGETAL;NUEVO;GRASAS;880;0;0,2;99,2;0;0;5;3;0,7;0;0;0;3;0,05;0,08;0,38;0
ACEITE;NUEVO;GRASAS;880;0;0,2;99,2;0;0;5;3;0,7;0;0;0;3;0,05;0,08;0,38;0
MANTEQUILLA;NUEVO;GRASAS;707;0;1,8;75,9;8,1;0;44;52;0,5;0;0;0;202;0,01;0,09;0,14;0
MARGARINA;NUEVO;GRASAS;759;0;0,7;80,1;12,4;0;5;3;0,9;0;0;0;84;0,02;0,11;0,41;0
MAYONESA;NUEVO;GRASAS;748;0;1,1;80;5,9;0;10;30;0,4;0;0;0;0;0,02;0,03;0;0
CREMA DE LECHE;NUEVO;GRASAS;340;0;2,3;36,6;2,1;0;77;66;0,1;0;0;0;365;0,03;0,11;0,1;2
CN STANDARD;NUEVO;PRODUCTOS NUTROTERAPICOS;455;0;15,8;15,1;63,7;0;500,5;500,5;8;273;600,6;15,1;411,3;1;1,1;10;60
AGUA;NUEVO;MISCELÁNEAS;0;0;0;0;0;0;0;0;0;0;0;0;0;0;0;0;0
PVM;NUEVO;MISCELÁNEAS;361;3;31,2;1;56,8;;2000;1330;23,1;467;1330;23;2100;3,4;3,4;40;200
CALDO BASE;NUEVO;MISCELÁNEAS;0;0;0;0;0;0;0;0;0;0;0;0;0;0;0;0;0
NUTRIBEBE 100;NUEVO;MISCELANEAS;440;0;12;12;73;0,9;200;200;22;0;0;10;500;0,36;0,36;6,6;140
Cibeles Nutrition;NUEVO;PRUDUCTOS NUTROTERAPICOS;455;0;15,8;15,1;63,7;0;500,5;500,5;8;273;600,6;15,1;411,3;1;1,1;10;60
PECHUGA AHUMADA DE PAVO;;;99,2;;20,7;0,17;3,72;;;;;;;;;;;;
CHIA;;;502;;27,47;33,96;27,16;;720;725;;;;;;;;;
SESAMO;;;640;;22;56,7;10,4;6,5;711;640;;;;;;;;;
Coco rallado O;;;660;;6,9;64,5;23,7;;;;;;;;;;;;
SEMILLAS DE GIRASOL;;;593;;20;51;12;11;105;705;;;;;;;;;
CHOCOLATE CELINDA;;;393;;12,5;8;67,7;20,6;;;;;;;;;;;
SARDINA JUREL;;;181;;24;7,8;2,8;;201;;;463;;;;;;;83
CN SOYA;;;463;;16;15;66;;228;;6;;;11;;;;;
SOYA SOY;;;60;;2,7;1,7;8,5;;7,6;;;;;;;;;;
BEBIDA DE SOYA;;;49,78;;3;1,68;5,2;;55;;;;;;;;;;
Enriquecido Lácteo;NUEVO;LACTEOS;80;0;1,96;2,02;13,28;0;174,8;97,2;4,32;0;0;0;200;0;0;0;23,76
YOGURT GRIEGO DELIZIA;NUEVO;LACTEOS;85,26;0;8,41;3,38;13,1;0;93,26;65,88;0;38,2;0;0;0;0;0;0;0
PAN MOLDE MULTICEREAL;NUEVO;PANES;;;;;;;;;;;;;;;;;
Api Fortificado;NUEVO;;56;0;1,8;0,73;10,4;0;8,8;46;1,76;;;;0;;;;0
Pan Enriquecido;NUEVO;;349;0;11,6;9,8;55,42857143;0;57,14285714;128,3;4,4;0;0;0;12,85714286;0;0;0;3,657142857
yogurt kefir;l;;27;;9;0,95;1,5;;;;;;;;;;;;
GALLETAS KETO;;;422;0;15,874;16,462;55;9,25947;203,1;392,2;5,04;3,16;1062,4;1,97;0;0,276;0,213;2,389;16,4
PANQUEQUES;;;361,78;;17,66;10,17;49,91;;242;;;;;;;;;;
PROTEINA DIMATIZE;;;366,6;;83,3;0;3,3;;;;;;;;;;;;
REQUESON;;;174;;11;13;3;;;;;;;;;;;;
